{
    "tokens_used": 20390,
    "dollars_spent": 1.2234,
    "time_taken_last_run": 41.71542167663574,
    "time_taken_total": 606.3865392208099
}