{
    "tokens_used": 107999,
    "dollars_spent": 3.23997,
    "time_taken_last_run": 30.08106231689453,
    "time_taken_total": 2696.7229647636414
}