{
    "tokens_used": 6461,
    "dollars_spent": 0.38766,
    "time_taken_last_run": 16.194852590560913,
    "time_taken_total": 189.17476844787598
}