{
    "tokens_used": 8657,
    "dollars_spent": 0.51942,
    "time_taken_last_run": 77.6984281539917,
    "time_taken_total": 333.1941158771515
}