{
    "tokens_used": 1959,
    "dollars_spent": 0.11754,
    "time_taken_last_run": 27.612558126449585,
    "time_taken_total": 79.86128520965576
}