{
    "tokens_used": 430717,
    "dollars_spent": 12.92151,
    "time_taken_last_run": 27.013864040374756,
    "time_taken_total": 7656.007889032364,
    "runs": 251
}