{
    "tokens_used": 387161,
    "dollars_spent": 11.61483,
    "time_taken_last_run": 22.7743980884552,
    "time_taken_total": 8064.6515345573425,
    "runs": 227
}