{
    "tokens_used": 429369,
    "dollars_spent": 12.881070000000001,
    "time_taken_last_run": 42.473008155822754,
    "time_taken_total": 7628.994024991989,
    "runs": 250
}