{
    "tokens_used": 69730,
    "dollars_spent": 2.0919,
    "time_taken_last_run": 45.24904799461365,
    "time_taken_total": 895.5571503639221,
    "runs": 31
}