{
    "tokens_used": 9480148,
    "dollars_spent": 284.40444,
    "time_taken_last_run": 0.5526809692382812,
    "time_taken_total": 35515.91710424423,
    "runs": 35664
}