{
    "tokens_used": 60537,
    "dollars_spent": 1.8161100000000001,
    "time_taken_last_run": 1.031045913696289,
    "time_taken_total": 110.80117630958557,
    "runs": 134
}