{
    "tokens_used": 9587200,
    "dollars_spent": 287.616,
    "time_taken_last_run": 3.0156753063201904,
    "time_taken_total": 36883.80947685242,
    "runs": 36109
}