{
    "tokens_used": 520783,
    "dollars_spent": 15.62349,
    "time_taken_last_run": 1.2121739387512207,
    "time_taken_total": 1570.8798415660858,
    "runs": 2034
}