{
    "tokens_used": 8891304,
    "dollars_spent": 266.73912,
    "time_taken_last_run": 0.5074896812438965,
    "time_taken_total": 33051.08008646965,
    "runs": 32986
}