{
    "tokens_used": 648471,
    "dollars_spent": 19.45413,
    "time_taken_last_run": 0.6353201866149902,
    "time_taken_total": 2057.093024253845,
    "runs": 2688
}