{
    "tokens_used": 101742,
    "dollars_spent": 6.10452,
    "time_taken_last_run": 1.1089086532592773,
    "time_taken_total": 353.27376556396484
}