{
    "tokens_used": 9496563,
    "dollars_spent": 284.89689,
    "time_taken_last_run": 0.6989498138427734,
    "time_taken_total": 36586.463631629944,
    "runs": 35733
}