{
    "tokens_used": 720394,
    "dollars_spent": 21.61182,
    "time_taken_last_run": 0.8196301460266113,
    "time_taken_total": 2299.4730322360992,
    "runs": 2982
}