{
    "tokens_used": 45756,
    "dollars_spent": 1.3726800000000001,
    "time_taken_last_run": 25.1727876663208,
    "time_taken_total": 1185.7079951763153
}