{
    "tokens_used": 496048,
    "dollars_spent": 14.88144,
    "time_taken_last_run": 8.07674789428711,
    "time_taken_total": 1390.8191719055176,
    "runs": 599
}